experiment,train_samples,val_samples,epochs,best_macro_f1,final_accuracy,final_macro_f1,final_weighted_f1,runtime_sec,best_epoch,best_train_loss,best_val_loss,best_accuracy,best_weighted_f1
baseline_real_only,1200,99,5,0.9169694653417548,0.9090909090909091,0.9012973994730211,0.9057340503210591,23.519596576690674,3,0.10078333183436801,0.22432964108884335,0.9292929292929293,0.9288918472247112
real_plus_synthetic,1360,99,5,0.9265268065268066,0.9393939393939394,0.9250841750841751,0.9404142434445465,29.26142930984497,4,0.09062056261829513,0.110833068494685,0.9292929292929293,0.9291893291893292
