,precision,recall,f1-score,support
microwave,0.8666666666666667,0.9285714285714286,0.896551724137931,14.0
toothbrush,1.0,0.72,0.8372093023255814,25.0
toilet,0.896551724137931,0.9629629629629629,0.9285714285714286,27.0
parking meter,0.8918918918918919,1.0,0.9428571428571428,33.0
accuracy,0.9090909090909091,0.9090909090909091,0.9090909090909091,0.9090909090909091
macro avg,0.9137775706741225,0.9028835978835978,0.9012973994730211,99.0
weighted avg,0.9168955789645444,0.9090909090909091,0.9057340503210591,99.0
