experiment,epoch,train_loss,val_loss,accuracy,macro_f1,weighted_f1
baseline_real_only,1,0.4605617009495434,0.36222904920578003,0.8888888888888888,0.884308973817411,0.8900285153647834
baseline_real_only,2,0.18528543804821215,0.6271946467459202,0.8484848484848485,0.8344334239854956,0.8549204733303277
baseline_real_only,3,0.10078333183436801,0.22432964108884335,0.9292929292929293,0.9169694653417548,0.9288918472247112
baseline_real_only,4,0.11474248909048344,0.20968914404511452,0.9191919191919192,0.9068791329634431,0.9192027597030816
baseline_real_only,5,0.049643350213668065,0.16741269844351336,0.9090909090909091,0.9012973994730211,0.9057340503210591
