experiment,epoch,train_loss,val_loss,accuracy,macro_f1,weighted_f1
real_plus_synthetic,1,0.4641165953389434,0.1656691071111709,0.9090909090909091,0.8971566068340262,0.910036200358781
real_plus_synthetic,2,0.14428787080701008,0.37843180634081364,0.8080808080808081,0.7826554538883306,0.8028583645022
real_plus_synthetic,3,0.10180402891493814,0.16000947076827288,0.9292929292929293,0.9249211799630139,0.9296742495949344
real_plus_synthetic,4,0.09062056261829513,0.110833068494685,0.9292929292929293,0.9265268065268066,0.9291893291893292
real_plus_synthetic,5,0.07336708903312683,0.24101153668016195,0.9393939393939394,0.9250841750841751,0.9404142434445465
