,precision,recall,f1-score,support
microwave,0.7368421052631579,1.0,0.8484848484848485,14.0
toothbrush,1.0,0.8,0.8888888888888888,25.0
toilet,0.9629629629629629,0.9629629629629629,0.9629629629629629,27.0
parking meter,1.0,1.0,1.0,33.0
accuracy,0.9393939393939394,0.9393939393939394,0.9393939393939394,0.9393939393939394
macro avg,0.9249512670565302,0.9407407407407408,0.9250841750841751,99.0
weighted avg,0.9526847421584265,0.9393939393939394,0.9404142434445465,99.0
