epoch,epoch_time_sec,lr,train_loss_ce,train_loss_bbox,train_loss_giou,train_cardinality_error,train_loss_total,val_loss_ce,val_loss_bbox,val_loss_giou,val_cardinality_error,val_loss_total,mAP,mAP50
1,581.1561999320984,9.140576474687265e-06,0.7564532179933041,0.03988499474860728,0.24212971700131894,6.8386,1.4401376261472703,0.5193073597634211,0.04877222118806094,0.2599589231591672,3.557,1.2830863117724658,0.06471200287342072,0.11681372672319412
2,571.9054646492004,6.890576474687264e-06,0.39490769877629356,0.03930771079640836,0.237579998318851,3.8764,1.0666062500849367,0.4141775846569799,0.0487684293165803,0.26163801330700515,4.265,1.181295759961009,0.16286124289035797,0.29690688848495483
3,615.5784106254578,4.109423525312737e-06,0.30487208333755844,0.036899479063600304,0.231340982099995,4.1664,0.9520514430936426,0.36894624070613646,0.04676969541888684,0.2561949862036854,4.41,1.1151846889294683,0.19203388690948486,0.3619866371154785
4,575.6948182582855,1.8594235253127369e-06,0.2621787144574337,0.03495907936114818,0.22516495262645184,4.4828,0.8873040169905871,0.35317387473781126,0.046305449400097135,0.25891801207512616,4.181,1.1025371433272957,0.19932466745376587,0.3779345750808716
5,570.0512902736664,1e-06,0.2434387523876503,0.03348429380385205,0.21990237740166485,4.4486,0.850664976380393,0.34135851642303167,0.04640159181132913,0.2558084825724363,4.29,1.084983441222459,0.20759323239326477,0.38784390687942505
