experiment,train_samples,val_samples,epochs,best_macro_f1,final_accuracy,final_macro_f1,final_weighted_f1,runtime_sec,best_epoch,best_train_loss,best_val_loss,best_accuracy,best_weighted_f1
baseline_real_only,843,46,5,0.9816849816849818,0.9782608695652174,0.9816849816849818,0.978021978021978,16.96833634376526,5,0.07484991665653608,0.2450105268508196,0.9782608695652174,0.978021978021978
real_plus_synthetic,1003,46,5,0.9125,0.9347826086956522,0.9125,0.9336956521739129,23.22572135925293,5,0.07795428647659719,0.3096257969737053,0.9347826086956522,0.9336956521739129
