experiment,epoch,train_loss,val_loss,accuracy,macro_f1,weighted_f1
baseline_real_only,1,0.5726062313274101,0.7280565164983273,0.8478260869565217,0.6713659147869674,0.806935817805383
baseline_real_only,2,0.2538726968621766,0.37100498378276825,0.8478260869565217,0.7447397563676633,0.8225721026529925
baseline_real_only,3,0.17002545490309043,0.4271213263273239,0.8913043478260869,0.8468073593073593,0.8882505175983436
baseline_real_only,4,0.14416932342229066,0.21692785620689392,0.9347826086956522,0.9125,0.9336956521739129
baseline_real_only,5,0.07484991665653608,0.2450105268508196,0.9782608695652174,0.9816849816849818,0.978021978021978
