,precision,recall,f1-score,support
hair drier,1.0,1.0,1.0,5.0
zebra,1.0,1.0,1.0,11.0
mouse,0.95,1.0,0.9743589743589743,19.0
scissors,1.0,0.9090909090909091,0.9523809523809523,11.0
accuracy,0.9782608695652174,0.9782608695652174,0.9782608695652174,0.9782608695652174
macro avg,0.9875,0.9772727272727273,0.9816849816849818,46.0
weighted avg,0.9793478260869565,0.9782608695652174,0.978021978021978,46.0
