,precision,recall,f1-score,support
hair drier,0.8,0.8,0.8,5.0
zebra,1.0,1.0,1.0,11.0
mouse,0.9047619047619048,1.0,0.95,19.0
scissors,1.0,0.8181818181818182,0.9,11.0
accuracy,0.9347826086956522,0.9347826086956522,0.9347826086956522,0.9347826086956522
macro avg,0.9261904761904762,0.9045454545454545,0.9125,46.0
weighted avg,0.9389233954451346,0.9347826086956522,0.9336956521739129,46.0
