experiment,epoch,train_loss,val_loss,accuracy,macro_f1,weighted_f1
real_plus_synthetic,1,0.4269413771107793,0.22804836928844452,0.8913043478260869,0.8369588744588744,0.8946405044231132
real_plus_synthetic,2,0.196709914249368,0.22546614706516266,0.9130434782608695,0.8896825396825397,0.9220841959972393
real_plus_synthetic,3,0.13192945689661428,0.2230444923043251,0.8913043478260869,0.8267857142857143,0.8815217391304347
real_plus_synthetic,4,0.0940713808813598,0.345873087644577,0.8913043478260869,0.8598579782790309,0.8940648723257418
real_plus_synthetic,5,0.07795428647659719,0.3096257969737053,0.9347826086956522,0.9125,0.9336956521739129
